epoch,acc,fbeta_score,loss,precision,recall,val_acc,val_fbeta_score,val_loss,val_precision,val_recall
0,0.54205882352941182,0.017420550795162425,0.69158509086160103,0.018934715775882495,0.025474158034605138,0.53545454523780134,0.0,0.69111661715940997,0.0,0.0
1,0.54529411764705882,0.0,0.689841628074646,0.0,0.0,0.53545454523780134,0.0,0.69066418214277792,0.0,0.0
2,0.54529411764705882,0.0,0.68933707868351657,0.0,0.0,0.53545454523780134,0.0,0.69063535408540211,0.0,0.0
3,0.54529411764705882,0.0,0.68917345664080454,0.0,0.0,0.53545454523780134,0.0,0.69071199742230505,0.0,0.0
4,0.54529411764705882,0.0,0.68913845146403596,0.0,0.0,0.53545454523780134,0.0,0.69077103679830376,0.0,0.0
5,0.54529411764705882,0.0,0.68906468601787796,0.0,0.0,0.53545454523780134,0.0,0.6907148636471141,0.0,0.0
