epoch,acc,fbeta_score,loss,precision,recall,val_acc,val_fbeta_score,val_loss,val_precision,val_recall
0,0.5452941176,0,0.6889533999,0,0,0.5354545452,0,0.6906476062,0,0
1,0.5452941176,0,0.6889169875,0,0,0.5354545452,0,0.6907717941,0,0
2,0.5452941176,0,0.6889572777,0,0,0.5354545452,0,0.6907827871,0,0
3,0.5452941176,0,0.6889632463,0,0,0.5354545452,0,0.6906308712,0,0
4,0.5452941176,0,0.6889291063,0,0,0.5354545452,0,0.6907129791,0,0
5,0.5452941176,0,0.6889408926,0,0,0.5354545452,0,0.6908171818,0,0
6,0.5452941176,0,0.6889159724,0,0,0.5354545452,0,0.690645408,0,0
